model,dataset,fit_time-1:2,fit_time-2:2,score_time-1:2,score_time-2:2,test_accuracy-1:2,test_accuracy-2:2,train_accuracy-1:2,train_accuracy-2:2,test_hamming_loss-1:2,test_hamming_loss-2:2,train_hamming_loss-1:2,train_hamming_loss-2:2,test_f1-1:2,test_f1-2:2,train_f1-1:2,train_f1-2:2
any_model_1,any_dataset_1,2.47142076,1.67912555,1.19149733,1.23108363,0.60880399,0.58686617,0.719867,0.71345515,-0.08388704,-0.08464949,-0.05444722,-0.05647841,0.73406644,0.72308818,0.83046478,0.83018986
any_model_1,any_dataset_2,2.47142076,1.67912555,1.19149733,1.23108363,0.60880399,0.58686617,0.719867,0.71345515,-0.08388704,-0.08464949,-0.05444722,-0.05647841,0.73406644,0.72308818,0.83046478,0.83018986
any_model_2,any_dataset_1,2.47142076,1.67912555,1.19149733,1.23108363,0.60880399,0.58686617,0.719867,0.71345515,-0.08388704,-0.08464949,-0.05444722,-0.05647841,0.73406644,0.72308818,0.83046478,0.83018986
baseline_binary_relevance_model,scene,1.648956060409546,1.7574050426483154,1.2734596729278564,1.1568491458892822,0.6088039867109635,0.5868661679135495,0.7198669991687449,0.7134551495016611,-0.0838870431893687,-0.0846494873926295,-0.0544472152950955,-0.0564784053156146,0.7340664372902873,0.7230881794980523,0.8304647763646248,0.8301898592006386
